source,category,headline,url,published
TechCrunch,Technology,A breach every month raises doubts about South Korea’s digital defenses,https://techcrunch.com/2025/10/04/a-breach-every-month-raises-doubts-about-south-koreas-digital-defenses/,"Sat, 04 Oct 2025 21:10:12 +0000"
TechCrunch,Technology,Newsom signs bill giving Uber and Lyft drivers in California the right to unionize,https://techcrunch.com/2025/10/04/newsom-signs-bill-giving-uber-and-lyft-drivers-in-california-the-right-to-unionize/,"Sat, 04 Oct 2025 20:57:33 +0000"
TechCrunch,Technology,"If you’re not an AI startup, good luck raising money from VCs",https://techcrunch.com/2025/10/04/if-youre-not-an-ai-startup-good-luck-raising-money-from-vcs/,"Sat, 04 Oct 2025 20:05:28 +0000"
TechCrunch,Technology,Startups and the U.S. government: It’s getting complicated,https://techcrunch.com/2025/10/04/startups-and-the-u-s-government-its-getting-complicated/,"Sat, 04 Oct 2025 19:10:05 +0000"
TechCrunch,Technology,Anker offered Eufy camera owners $2 per video for AI training,https://techcrunch.com/2025/10/04/anker-offered-to-pay-eufy-camera-owners-to-share-videos-for-training-its-ai/,"Sat, 04 Oct 2025 18:19:42 +0000"
TechCrunch,Technology,"Instacrops will demo its water-saving, crop-boosting AI at TechCrunch Disrupt 2025",https://techcrunch.com/2025/10/04/instacrops-will-demo-its-water-saving-crop-boosting-ai-at-techcrunch-disrupt-2025/,"Sat, 04 Oct 2025 16:30:00 +0000"
TechCrunch,Technology,"Sam Altman says Sora will add ‘granular,’ opt-in copyright controls",https://techcrunch.com/2025/10/04/sam-altman-says-sora-will-add-granular-opt-in-copyright-controls/,"Sat, 04 Oct 2025 16:26:50 +0000"
TechCrunch,Technology,Event startup Partiful wasn’t stripping GPS locations from user-uploaded photos,https://techcrunch.com/2025/10/04/event-startup-partiful-wasnt-stripping-gps-locations-from-user-uploaded-photos/,"Sat, 04 Oct 2025 15:50:07 +0000"
TechCrunch,Technology,Tesla’s insurance arm accused of ‘egregious delays’ and ‘systemic failures’ by CA regulator,https://techcrunch.com/2025/10/04/teslas-insurance-arm-accused-of-egregious-delays-and-systemic-failures-by-ca-regulator/,"Sat, 04 Oct 2025 13:29:23 +0000"
TechCrunch,Technology,Bezos predicts that millions will live in space in ‘couple of decades’,https://techcrunch.com/2025/10/03/bezos-predicts-that-millions-will-live-in-space-kind-of-soon/,"Sat, 04 Oct 2025 06:38:25 +0000"
TechCrunch,Technology,"With its latest acqui-hire, OpenAI is doubling down on personalized consumer AI",https://techcrunch.com/2025/10/03/with-its-latest-acqui-hire-openai-is-doubling-down-on-personalized-consumer-ai/,"Fri, 03 Oct 2025 22:52:14 +0000"
TechCrunch,Technology,Sources: Naveen Rao’s new AI hardware startup targets $5B valuation with backing from a16z,https://techcrunch.com/2025/10/03/sources-naveen-raos-new-ai-hardware-startup-targets-5b-valuation-with-backing-from-a16z/,"Fri, 03 Oct 2025 21:56:58 +0000"
TechCrunch,Technology,"What to expect at OpenAI’s DevDay 2025, and how to watch it",https://techcrunch.com/2025/10/03/what-to-expect-at-openais-devday-2025-and-how-to-watch-it/,"Fri, 03 Oct 2025 19:36:47 +0000"
TechCrunch,Technology,Snapchat is going to charge for storage — here’s how to save your Memories for free,https://techcrunch.com/2025/10/03/snapchat-is-going-to-charge-for-storage-heres-how-to-save-your-memories-for-free/,"Fri, 03 Oct 2025 19:26:02 +0000"
TechCrunch,Technology,Google’s Gemini AI app could soon be getting a big makeover,https://techcrunch.com/2025/10/03/googles-gemini-ai-app-could-soon-be-getting-a-big-makeover/,"Fri, 03 Oct 2025 19:18:43 +0000"
TechCrunch,Technology,Rivian is redesigning the R2 SUV’s door handles for better safety,https://techcrunch.com/2025/10/03/rivian-is-redesigning-the-r2-suvs-door-handles-for-better-safety/,"Fri, 03 Oct 2025 18:47:56 +0000"
TechCrunch,Technology,Can you think like a YC partner? This game will help you find out,https://techcrunch.com/2025/10/03/can-you-think-like-a-yc-partner-this-game-will-help-you-find-out/,"Fri, 03 Oct 2025 18:36:53 +0000"
TechCrunch,Technology,Can AI companies turn brainrot into revenue?,https://techcrunch.com/video/can-ai-companies-turn-brainrot-into-revenue/,"Fri, 03 Oct 2025 18:19:55 +0000"
TechCrunch,Technology,"Supabase nabs $5B valuation, four months after hitting $2B",https://techcrunch.com/2025/10/03/supabase-nabs-5b-valuation-four-months-after-hitting-2b/,"Fri, 03 Oct 2025 18:14:03 +0000"
TechCrunch,Technology,OpenAI’s Sora soars to No. 1 on Apple’s US App Store,https://techcrunch.com/2025/10/03/openais-sora-soars-to-no-1-on-the-u-s-app-store/,"Fri, 03 Oct 2025 16:48:32 +0000"
Healthline,Health,Can 6-6-6 Walking Workout Help You Lose Weight?,https://www.healthline.com/health-news/666-walking-trend-weight-loss,
Healthline,Health,This Couple Lost 118 Pounds Together Without Medication,https://www.healthline.com/health-news/married-couple-loses-119-pounds-together-without-meds,
Healthline,Health,5 Science-Backed Ways to Live a Longer Life,https://www.healthline.com/health-news/healthy-ways-to-improve-longevity,
Healthline,Health,Morning Coffee May Help You Live Longer,https://www.healthline.com/health-news/morning-coffee-heart-health-benefits,
Healthline,Health,‘Weekend Warrior’ Workouts for Your 2025 Fitness Goals,https://www.healthline.com/health-news/weekend-warrior-workouts-beginner-tips/,
Healthline,Health,"Listeria Outbreak: Pasta Meals From Trader Joe’s, Walmart Tied to 4 Deaths",https://www.healthline.com/health-news/listeria-outbreak-pasta-meals-trader-joes-walmart,
Healthline,Health,"The USDA and FDA are warning consumers to throw away prepared pasta meals available at several national retailers, including Trader Joe's and Walmart…",https://www.healthline.com/health-news/listeria-outbreak-pasta-meals-trader-joes-walmart,
Healthline,Health,"Menopause Weight Gain Is Common, but GLP-1s, Other Strategies Can Help",https://www.healthline.com/health-news/menopause-weight-gain-management-tips,
Healthline,Health,"Women experiencing menopause seek solutions to help manage symptoms like weight gain. Lifestyle modifications like a healthy diet can help, but GLP-1…",https://www.healthline.com/health-news/menopause-weight-gain-management-tips,
Healthline,Health,"Can ‘Loaded Water’ Boost Energy, Reduce Sugar Cravings? What Experts Think",https://www.healthline.com/health-news/loaded-water-viral-nutrition-trend-health-benefits,
Healthline,Health,"Proponents of the ""loaded water"" trend on social media platforms like TikTok claim the viral drink can improve energy and reduce sugar cravings. The…",https://www.healthline.com/health-news/loaded-water-viral-nutrition-trend-health-benefits,
Healthline,Health,Cardiovascular Disease: At Least One Risk Factor Present in 99% of Cases,https://www.healthline.com/health-news/cardiovascular-disease-most-people-have-modifiable-risk-factors,
Healthline,Health,"A new study found that most people who experience major cardiovascular events had modifiable risk factors, contradicting with the claim that heart…",https://www.healthline.com/health-news/cardiovascular-disease-most-people-have-modifiable-risk-factors,
Healthline,Health,"Regular Exercise May Reshape Heart-Control Nerves, Researchers Say",https://www.healthline.com/health-news/aerobic-exercise-rewires-heart-nerve-function-study,
Healthline,Health,"A rat study has found that aerobic exercise may reshape nerves that control the heart. However, the impact was not the same on both sides of the…",https://www.healthline.com/health-news/aerobic-exercise-rewires-heart-nerve-function-study,
Healthline,Health,CDC Report Finds Surge in Antibiotic-Resistant Bacteria: Who Is Most at Risk?,https://www.healthline.com/health-news/antibiotic-resistant-bacteria-cdc-warning,
Healthline,Health,"A new CDC report found a sharp increase in infections caused by a dangerous ""nightmare bacteria"" resistant to antibiotics. Carbapenemase-producing…",https://www.healthline.com/health-news/antibiotic-resistant-bacteria-cdc-warning,
Healthline,Health,Celtics Star Jayson Tatum Talks Pain Management After Achilles Injury,https://www.healthline.com/health-news/boston-celtics-jayson-tatum-achilles-injury-recovery,
Healthline,Health,NBA star Jayson Tatum of the Boston Celtics opens up about rupturing his Achilles tendon during the Eastern Conference playoffs in May. The two-time…,https://www.healthline.com/health-news/boston-celtics-jayson-tatum-achilles-injury-recovery,
Healthline,Health,"Vitamin B3 May Help With Skin Cancer Prevention, Researchers Say",https://www.healthline.com/health-news/vitamin-b3-nicotinamide-skin-cancer-prevention,
Healthline,Health,A new study found that nicotinamide (vitamin B3) use was linked to fewer cases of non-melanoma skin cancers. The supplement was tied to a 14%…,https://www.healthline.com/health-news/vitamin-b3-nicotinamide-skin-cancer-prevention,
Healthline,Health,"CDC Panel Adds New Rules to Childhood Vaccine Schedule, COVID Shots",https://www.healthline.com/health-news/cdc-vaccine-panel-acip-new-vaccine-recommendations,
Healthline,Health,"The CDC’s vaccine panel, ACIP, changed its recommendations for childhood vaccines and COVID-19 shots, further limiting access. HHS Secretary RFK Jr…",https://www.healthline.com/health-news/cdc-vaccine-panel-acip-new-vaccine-recommendations,
Healthline,Health,"Tylenol Doesn’t Cause Autism, Experts Say. Here Are the Facts",https://www.healthline.com/health-news/tylenol-autism-link-trump-administration,
Healthline,Health,The Trump administration said the FDA will notify physicians that Tylenol during pregnancy may be linked to a higher risk of autism in children. A…,https://www.healthline.com/health-news/tylenol-autism-link-trump-administration,
Healthline,Health,"Higher Doses of Semaglutide More Effective for Weight Loss, Study Finds",https://www.healthline.com/health-news/higher-doses-semaglutide-safely-aids-weight-loss,
Healthline,Health,"Higher doses of weight loss medications like Ozempic and Wegovy could help treat obesity. In two new studies, people taking 7.2 mg doses of…",https://www.healthline.com/health-news/higher-doses-semaglutide-safely-aids-weight-loss,
Healthline,Health,Should You Get a Flu Shot This Fall? Here's What Experts Think,https://www.healthline.com/health-news/flu-season-2025-influenza-vaccine,
Healthline,Health,"Health officials expect the upcoming 2025–26 flu season to be moderate compared to last year, but experts say everyone who is eligible should get…",https://www.healthline.com/health-news/flu-season-2025-influenza-vaccine,
Healthline,Health,Study Reveals Unexpected Causes of Heart Attacks for Women Under 65,https://www.healthline.com/health-news/heart-attack-hidden-causes-younger-women,
Healthline,Health,"Doctors often assume heart attacks in younger people arise from blocked arteries, but a new study suggests that these heart attacks often have other…",https://www.healthline.com/health-news/heart-attack-hidden-causes-younger-women,
Healthline,Health,"Ozempic, Wegovy Less Effective for Emotional Eating Issues, Study Finds",https://www.healthline.com/health-news/ozempic-emotional-eating-weight-loss,
Healthline,Health,"Researchers say GLP-1 medications like Ozempic and Wegovy may not be as effective for those with emotional eating issues who overeat due to depression,",https://www.healthline.com/health-news/ozempic-emotional-eating-weight-loss,
Healthline,Health,"Weighted Vests May Improve Fitness, but Weight Loss Effects Are Less Clear",https://www.healthline.com/health-news/weighted-vest-training-weight-loss-fitness-trend,
Healthline,Health,"Weighted vest training is trending, with many claims made about the health benefits. Weighted vests may help with cardiovascular fitness by increasing…",https://www.healthline.com/health-news/weighted-vest-training-weight-loss-fitness-trend,
Healthline,Health,"Type 2 Diabetes Risk Quadruples for Cannabis Users, Large Study Finds",https://www.healthline.com/health-news/cannabis-use-quadruples-type-2-diabetes-risk-study,
Healthline,Health,A large new study of 4 million adults found that cannabis users face nearly a four times higher risk of developing type 2 diabetes. Cannabis could…,https://www.healthline.com/health-news/cannabis-use-quadruples-type-2-diabetes-risk-study,
Healthline,Health,"10 Years After ‘Still Alice,’ Julianne Moore Is Still Advocating for Alzheimer's",https://www.healthline.com/health-news/julianne-moore-brain-health-alzheimers-prevention,
Healthline,Health,"Academy Award winner Julianne Moore has partnered with Eli Lilly to raise awareness about Alzheimer’s disease. The ""Sirens"" star previously won an…",https://www.healthline.com/health-news/julianne-moore-brain-health-alzheimers-prevention,
Healthline,Health,"Keto Diet Improves Symptoms of Major Depressive Disorder, Study Shows",https://www.healthline.com/health-news/keto-diet-improves-depression-symptoms-pilot-study,
Healthline,Health,"A new study reports that young adults experienced a 70% reduction in depression symptoms after following a ketogenic diet, improvements in overall…",https://www.healthline.com/health-news/keto-diet-improves-depression-symptoms-pilot-study,
Healthline,Health,Pancreatic Cancer: Cigarette Smoke May Fuel Tumor Growth and Spread,https://www.healthline.com/health-news/smoking-drives-pancreatic-cancer-study,
Healthline,Health,"Smoking has been linked to pancreatic cancer, but the reasons were unclear. A new mouse study shows that chemicals in cigarette smoke change the…",https://www.healthline.com/health-news/smoking-drives-pancreatic-cancer-study,
Healthline,Health,"U.S. Depression Rates Remain Historically High, New Gallup Poll Shows",https://www.healthline.com/health-news/us-depression-rates-historically-high-gallup-poll,
Healthline,Health,A new Gallup poll reports that over 18% of U.S. adults have or are being treated for depression. Depression rates have been at a historical high since…,https://www.healthline.com/health-news/us-depression-rates-historically-high-gallup-poll,
Healthline,Health,Nearly Half of Those With Diabetes Don’t Know They Have the Disease,https://www.healthline.com/health-news/nearly-half-americans-undiagnosed-diabetes,
Healthline,Health,Researchers estimate that around 44% of people in the U.S. with diabetes are unaware they have the disease. Experts say undiagnosed and under-treated…,https://www.healthline.com/health-news/nearly-half-americans-undiagnosed-diabetes,
Healthline,Health,Scrolling on Your Phone While on the Toilet Raises Your Risk of Hemorrhoids,https://www.healthline.com/health-news/scrolling-on-phone-toilet-hemorrhoids-risk,
Healthline,Health,New research suggests that people who scroll on their phone while sitting on the toilet are 46% more likely to develop hemorrhoids.,https://www.healthline.com/health-news/scrolling-on-phone-toilet-hemorrhoids-risk,
Healthline,Health,"Ultra-Processed Foods May Harm Male Reproductive, Metabolic Health",https://www.healthline.com/health-news/ultra-processed-foods-male-reproductive-metabolic-health,
Healthline,Health,A new study found that a diet heavy in ultra-processed foods can negatively impact male reproductive and metabolic health and reduce sperm quality.,https://www.healthline.com/health-news/ultra-processed-foods-male-reproductive-metabolic-health,
Healthline,Health,"Prostate Cancer: After Years of Decline, Cases Rose Steadily Over Past Decade",https://www.healthline.com/health-news/prostate-cancer-cases-rising-us-study,
Healthline,Health,"Prostate cancer rates rose over the past decade, following years of decline. The increase is driven by advanced prostate cancer diagnoses, even in…",https://www.healthline.com/health-news/prostate-cancer-cases-rising-us-study,
Healthline,Health,"Heart Failure: Weight Loss Drugs Lower Risk of Hospitalization, Death by 40%",https://www.healthline.com/health-news/weight-loss-drugs-improve-heart-failure-outcomes,
Healthline,Health,"Researchers report that semaglutide and tirzepatide, commonly prescribed for weight loss, can help reduce the risk of hospitalization and death in…",https://www.healthline.com/health-news/weight-loss-drugs-improve-heart-failure-outcomes,
Healthline,Health,"Eating Meat Not Associated With Higher Risk of Early Death, Study Finds",https://www.healthline.com/health-news/animal-protein-cancer-related-death-risk,
Healthline,Health,A new study has found no increased death risk from eating plant or animal protein and suggests that eating meat could slightly lower cancer-related…,https://www.healthline.com/health-news/animal-protein-cancer-related-death-risk,
Healthline,Health,Cannabis Use Linked to Better Sleep In People With Insomnia,https://www.healthline.com/health-news/cannabis-use-improves-insomnia-study,
Healthline,Health,Cannabis products consumed on a daily basis resulted in better sleep for people with insomnia in a new study. Participants also reported improvements…,https://www.healthline.com/health-news/cannabis-use-improves-insomnia-study,
Healthline,Health,Lyme Disease: Doctors Dismissed Her Symptoms for Years Before Diagnosis,https://www.healthline.com/health-news/lyme-disease-misdiagnosis-erika-schlick,
Healthline,Health,"Health coach and wellness advocate Erika Schlick shares her long journey with Lyme disease, a tick-borne illness that can lead to debilitating…",https://www.healthline.com/health-news/lyme-disease-misdiagnosis-erika-schlick,
Healthline,Health,"Sugary Drinks Increase Hair Loss Risk, but These Nutrients Can Help",https://www.healthline.com/health-news/sugary-drinks-may-increase-hair-loss-risk,
Healthline,Health,"A new research review indicates that alcoholic and sugary beverages can increase the risk of hair loss. However, the researchers note that vitamin D…",https://www.healthline.com/health-news/sugary-drinks-may-increase-hair-loss-risk,
Healthline,Health,FDA Approves New COVID Vaccines With Restrictions. Can You Get a Shot?,https://www.healthline.com/health-news/updated-covid-19-vaccine-restrictions-fall-2025,
Healthline,Health,"The FDA approved updated COVID-19 shots for the fall, but federal health officials have changed their recommendations on who should receive them.",https://www.healthline.com/health-news/updated-covid-19-vaccine-restrictions-fall-2025,
Healthline,Health,Lower-Calorie Mediterranean Diet With Exercise Cuts Diabetes Risk by 31%,https://www.healthline.com/health-news/mediterranean-diet-exercise-lowers-diabetes-risk,
Healthline,Health,"A Mediterranean diet, combined with calorie reduction and exercise, reduced the risk of type 2 diabetes by 31%. In a study of older adults, those who…",https://www.healthline.com/health-news/mediterranean-diet-exercise-lowers-diabetes-risk,
Healthline,Health,Do Hair Loss Treatments for Women Actually Work? What Experts Think,https://www.healthline.com/health-news/best-female-hair-loss-treatments-experts,
Healthline,Health,"Women may experience hair loss for many reasons, including genetics, stress, and aging. From hair growth supplements to prescription medications, we…",https://www.healthline.com/health-news/best-female-hair-loss-treatments-experts,
Healthline,Health,Serena Williams Lost 31 Pounds on GLP-1 Drug Zepbound: What to Know,https://www.healthline.com/health-news/serena-williams-weight-loss-zepbound,
Healthline,Health,Serena Williams recently shared that she started taking the GLP-1 drug Zepbound after having her two children. The tennis legend shared the weight…,https://www.healthline.com/health-news/serena-williams-weight-loss-zepbound,
Healthline,Health,What Is ‘Ozempic Vulva’ and Is It a Real Side Effect of GLP-1 Drugs?,https://www.healthline.com/health-news/ozempic-vulva-side-effect-glp-1-drugs,
Healthline,Health,"Anecdotal reports describe an unusual GLP-1 side effect some are calling ""Ozempic vulva,"" which involves sagging skin, vaginal dryness, and weaker…",https://www.healthline.com/health-news/ozempic-vulva-side-effect-glp-1-drugs,
Healthline,Health,FDA OKs First-Ever Glucose Monitoring System for Weight Loss: What to Know,https://www.healthline.com/health-news/signos-glucose-monitoring-system-weight-loss-fda,
Healthline,Health,"The FDA cleared the first glucose monitoring system specifically designed for weight management from Signos, providing a new option for maintaining a…",https://www.healthline.com/health-news/signos-glucose-monitoring-system-weight-loss-fda,
Healthline,Health,"New Hypertension Guidelines Emphasize Earlier Treatment, Avoiding Alcohol",https://www.healthline.com/health-news/aha-new-hypertension-guidelines-2025,
Healthline,Health,"New hypertension guidelines from the American Heart Association (AHA) reaffirm earlier recommendations and include some key changes, such as earlier…",https://www.healthline.com/health-news/aha-new-hypertension-guidelines-2025,
Healthline,Health,Over-the-Counter Birth Control Led to Dramatic Rise in Contraceptive Access,https://www.healthline.com/health-news/opill-otc-birth-control-expands-access-national-study,
Healthline,Health,"New research examined whether Opill, the first FDA-approved OTC birth control pill, increased contraceptive access. The findings show that OTC birth…",https://www.healthline.com/health-news/opill-otc-birth-control-expands-access-national-study,
Healthline,Health,Weekend Habits May Worsen Symptoms of Obstructive Sleep Apnea,https://www.healthline.com/health-news/weekend-habits-may-worsen-obstructive-sleep-apnea,
Healthline,Health,"A large study found that obstructive sleep apnea symptoms may worsen on weekends, a trend researchers have called “social apnea.” Late nights…",https://www.healthline.com/health-news/weekend-habits-may-worsen-obstructive-sleep-apnea,
Healthline,Health,What to Know About Staying Heart Healthy During Extreme Heat,https://www.healthline.com/health-news/extreme-heat-cardiovascular-disease-heart-health,
Healthline,Health,"Higher temperatures can raise the risk of heat-related illness, especially for older adults. Extreme heat can place stress on the heart, which could…",https://www.healthline.com/health-news/extreme-heat-cardiovascular-disease-heart-health,
Healthline,Health,Do GLP-1 Weight-Loss Drugs Cause Vision Loss? What to Know,https://www.healthline.com/health-news/glp-1-drugs-eye-health-research,
Healthline,Health,"Studies have linked GLP-1 medications to various eye conditions, some of which may lead to vision loss. Despite these findings, a clear link has yet…",https://www.healthline.com/health-news/glp-1-drugs-eye-health-research,
